<!--launch>

 
  <param name="octomap_resolution" type="double" value="0.025" />
  <param name="max_range" type="double" value="5.0" />

  
  <arg name="moveit_sensor_manager" default="humanoid" />
  <include file="$(find humanoid_moveit_config)/launch/$(arg moveit_sensor_manager)_moveit_sensor_manager.launch.xml" />
  
</launch-->
<launch>

  # This file makes it easy to include the settings for sensor managers 

  # Sensor configuration files
  <rosparam command="load" file="$(find humanoid_moveit)/config/sensors_imu.yaml" />

  # Params for the octomap monitor
  <param name="octomap_frame" type="string" value="map" />
  <param name="octomap_resolution" type="double" value="0.025" />
  <param name="max_range" type="double" value="5.0" />

  # Load the robot specific sensor manager; this sets the moveit_sensor_manager ROS parameter
  <arg name="moveit_sensor_manager" default="humanoid" />
  <include file="$(find humanoid_moveit)/launch/$(arg moveit_sensor_manager)_moveit_sensor_manager.launch.xml" />
  
</launch>
